35780067,1615-FDW,13,42.00861,-5.68188,0.0,0.0,740.0,0.0,73,Calle Alonso Briceo 25, 49600 Benavente, Zamora, (Castilla y Len), Espaa,1475465672000
35780069,1615-FDW,13,42.03387,-5.67818,56.0,2.0,768.0,2828.57858282,74,,1475465692000
35780071,1615-FDW,13,42.03448,-5.67472,60.0,88.0,768.7523193,294.027612647,74,,1475465712000
35780073,1615-FDW,13,42.032,-5.67173,100.0,168.0,756.8577881,370.688012431,75,,1475465732000
35780075,1615-FDW,13,42.02604,-5.67068,118.0,172.0,731.1138916,669.418933371,63,,1475465752000
35780077,1615-FDW,13,42.02034,-5.66883,118.0,156.0,726.0778198,651.988453929,75,,1475465772000
35780079,1615-FDW,13,42.01472,-5.66538,118.0,158.0,713.8047485,687.486863089,75,,1475465793000
35780081,1615-FDW,13,42.00937,-5.66267,118.0,158.0,711.1264038,636.287865389,75,,1475465813000
35780083,1615-FDW,13,42.00353,-5.65955,118.0,154.0,706.0509033,699.997726835,77,,1475465833000
35780085,1615-FDW,13,41.99875,-5.65543,118.0,134.0,707.4586792,631.478074133,77,,1475465853000
35780087,1615-FDW,13,41.99547,-5.64823,118.0,118.0,707.6697998,698.677193445,77,,1475465873000
35780089,1615-FDW,13,41.99275,-5.64153,118.0,120.0,708.0192261,631.5513252,77,,1475465893000
35780091,1615-FDW,13,41.98847,-5.63595,118.0,142.0,705.1459351,663.267730322,77,,1475465913000
35780093,1615-FDW,13,41.98499,-5.62907,118.0,112.0,710.7307739,688.490416027,63,,1475465933000
35780095,1615-FDW,13,41.98272,-5.62165,118.0,112.0,717.809021,663.750400709,77,,1475465953000
35780097,1615-FDW,13,41.98008,-5.61448,120.0,124.0,726.9727783,662.122666281,77,,1475465973000
35780099,1615-FDW,13,41.97634,-5.60835,124.0,128.0,720.8421021,655.73758414,78,,1475465993000
35780101,1615-FDW,13,41.97252,-5.60221,118.0,128.0,724.3470459,662.697571226,78,,1475466013000
35780103,1615-FDW,13,41.96873,-5.59604,118.0,128.0,725.2254639,662.564271573,78,,1475466033000
35780105,1615-FDW,13,41.96486,-5.58991,118.0,128.0,722.9192505,665.31311544,78,,1475466053000
35780107,1615-FDW,13,41.96104,-5.58373,118.0,130.0,723.5550537,664.904856845,78,,1475466073000
35780109,1615-FDW,13,41.95723,-5.57756,118.0,128.0,728.7518921,664.261933594,79,,1475466093000
35780111,1615-FDW,13,41.9534,-5.57136,118.0,128.0,729.0532227,666.81376603,79,,1475466113000
35780113,1615-FDW,13,41.94938,-5.56491,118.0,128.0,737.795166,696.803339065,79,,1475466133000
35780115,1615-FDW,13,41.94563,-5.55918,118.0,130.0,739.0087891,631.158396708,79,,1475466153000
35780117,1615-FDW,13,41.94174,-5.55306,118.0,128.0,738.9805298,666.798748277,79,,1475466173000
35780119,1615-FDW,13,41.93783,-5.54648,118.0,128.0,738.3292847,697.35577154,81,,1475466193000
35780121,1615-FDW,13,41.93398,-5.54035,118.0,128.0,744.430542,664.30487431,81,,1475466213000
35780123,1615-FDW,13,41.93029,-5.53451,118.0,130.0,744.9470215,634.12592239,81,,1475466233000
35780125,1615-FDW,13,41.9264,-5.52841,118.0,130.0,742.0656738,665.538692964,78,,1475466253000
35780127,1615-FDW,13,41.92249,-5.52236,118.0,130.0,738.0934448,663.625830325,81,,1475466273000
35780129,1615-FDW,13,41.91837,-5.51599,118.0,130.0,731.6967773,698.753757407,81,,1475466293000
35780131,1615-FDW,13,41.91464,-5.51023,118.0,130.0,729.8517456,632.558855562,82,,1475466313000
35780133,1615-FDW,13,41.9107,-5.50367,118.0,122.0,719.258667,698.558670436,82,,1475466333000
35780135,1615-FDW,13,41.90765,-5.49725,118.0,120.0,712.6308594,630.422675989,82,,1475466353000
35780137,1615-FDW,13,41.90508,-5.49,118.0,110.0,701.7032471,665.348483386,82,,1475466373000
35780139,1615-FDW,13,41.90345,-5.48226,118.0,102.0,698.3236694,666.013182723,81,,1475466393000
35780141,1615-FDW,13,41.90002,-5.47548,120.0,144.0,705.9180908,679.122161058,82,,1475466413000
35780143,1615-FDW,13,41.8947,-5.47174,118.0,148.0,717.8389282,668.670882164,82,,1475466433000
35780145,1615-FDW,13,41.89008,-5.46726,118.0,138.0,726.1266479,633.896587886,82,,1475466453000
35780147,1615-FDW,13,41.8857,-5.46181,118.0,132.0,723.4733276,664.499167087,81,,1475466473000
35780149,1615-FDW,13,41.88133,-5.45576,118.0,134.0,718.2642212,698.900606988,84,,1475466493000
35780151,1615-FDW,13,41.87744,-5.45021,118.0,130.0,704.0814819,631.49322406,82,,1475466513000
35780153,1615-FDW,13,41.87375,-5.44339,118.0,124.0,693.1131592,698.787865699,82,,1475466533000
35780155,1615-FDW,13,41.87046,-5.43717,118.0,124.0,686.9379883,631.844165944,84,,1475466553000
35780157,1615-FDW,13,41.8665,-5.43067,120.0,142.0,685.5202026,695.575589412,81,,1475466573000
35780159,1615-FDW,13,41.86131,-5.42755,118.0,156.0,684.5559692,633.232064141,84,,1475466593000
35780161,1615-FDW,13,41.8565,-5.42231,118.0,124.0,690.2119751,689.715388327,81,,1475466613000
35780163,1615-FDW,13,41.85464,-5.41518,118.0,100.0,693.897522,626.161008666,84,,1475466633000
35780165,1615-FDW,13,41.85247,-5.40773,118.0,120.0,693.8242798,663.545056601,84,,1475466653000
35780167,1615-FDW,13,41.84861,-5.40167,118.0,140.0,699.6607666,661.221364482,85,,1475466673000
35780169,1615-FDW,13,41.84377,-5.39626,118.0,140.0,701.5404663,700.572729232,85,,1475466693000
35780171,1615-FDW,13,41.8394,-5.39136,118.0,140.0,708.7108154,633.569180485,84,,1475466713000
35780173,1615-FDW,13,41.8348,-5.38619,118.0,138.0,717.1843872,668.272275454,84,,1475466733000
35780175,1615-FDW,13,41.83017,-5.38106,118.0,140.0,728.7903442,668.005677821,85,,1475466753000
35780177,1615-FDW,13,41.82538,-5.37564,118.0,138.0,746.565918,697.219825186,85,,1475466773000
35780179,1615-FDW,13,41.82105,-5.37075,118.0,136.0,756.5249023,629.519485913,85,,1475466793000
35780181,1615-FDW,13,41.81652,-5.36496,118.0,136.0,743.2235718,696.706737907,85,,1475466813000
35780183,1615-FDW,13,41.8122,-5.35942,118.0,136.0,738.9892578,665.296428337,85,,1475466834000
35780185,1615-FDW,13,41.80789,-5.35386,118.0,136.0,728.4178467,665.754076054,84,,1475466854000
35780187,1615-FDW,13,41.80334,-5.34805,118.0,136.0,725.8612061,699.255548017,85,,1475466874000
35780189,1615-FDW,13,41.79922,-5.3428,118.0,136.0,725.057373,631.452427818,85,,1475466894000
35780191,1615-FDW,13,41.79489,-5.33727,118.0,136.0,719.03125,666.120660539,85,,1475466914000
35780193,1615-FDW,13,41.79053,-5.33176,118.0,134.0,715.9923096,666.484184719,85,,1475466934000
35780195,1615-FDW,13,41.78622,-5.32621,118.0,134.0,717.4121704,665.41410454,85,,1475466954000
35780197,1615-FDW,13,41.78184,-5.32072,118.0,136.0,719.4804077,667.110598532,85,,1475466974000
35780199,1615-FDW,13,41.77751,-5.31517,118.0,136.0,722.0,666.421880178,85,,1475466994000
35780201,1615-FDW,13,41.77318,-5.30961,118.0,136.0,716.2688599,666.971533552,86,,1475467014000
35780203,1615-FDW,13,41.76882,-5.3041,118.0,136.0,713.3286743,667.360979127,85,,1475467034000
35780205,1615-FDW,13,41.76426,-5.29833,118.0,136.0,715.0,698.313624656,86,,1475467054000
35780207,1615-FDW,13,41.76003,-5.29268,118.0,128.0,715.5908203,664.29080572,86,,1475467074000
35780209,1615-FDW,13,41.75638,-5.28686,118.0,142.0,711.3999634,631.119782168,86,,1475467094000
35780211,1615-FDW,13,41.75122,-5.28201,120.0,140.0,709.2426147,701.784138906,86,,1475467114000
35780213,1615-FDW,13,41.74653,-5.27702,118.0,140.0,708.3833008,666.564419402,86,,1475467134000
35780215,1615-FDW,13,41.74184,-5.27203,118.0,140.0,709.0321655,665.540660248,86,,1475467154000
35780217,1615-FDW,13,41.73738,-5.26729,118.0,140.0,711.4856567,634.325110121,86,,1475467174000
35780219,1615-FDW,13,41.73286,-5.26211,118.0,130.0,718.6066284,661.189244592,86,,1475467194000
35780221,1615-FDW,13,41.73021,-5.25453,116.0,116.0,722.4940796,695.895298553,86,,1475467214000
35780223,1615-FDW,13,41.72586,-5.24925,118.0,156.0,728.6278687,653.233046621,86,,1475467234000
35780225,1615-FDW,13,41.72024,-5.24791,118.0,164.0,732.1843872,634.900609869,86,,1475467254000
35780227,1615-FDW,13,41.71492,-5.24358,118.0,140.0,741.4831543,692.701825944,86,,1475467274000
35780229,1615-FDW,13,41.71053,-5.2388,118.0,142.0,750.3707275,629.753224761,86,,1475467294000
35780231,1615-FDW,13,41.70536,-5.23442,118.0,118.0,789.3521118,681.22597955,86,,1475467314000
35780233,1615-FDW,13,41.70307,-5.22769,116.0,140.0,820.9943848,614.099212589,86,,1475467334000
35780235,1615-FDW,13,41.69861,-5.22182,118.0,128.0,829.0067139,695.954257414,88,,1475467354000
35780237,1615-FDW,13,41.69415,-5.21722,118.0,146.0,828.4389648,627.409370387,88,,1475467374000
35780239,1615-FDW,13,41.68881,-5.21287,118.0,152.0,829.0650635,695.257603465,88,,1475467394000
35780241,1615-FDW,13,41.68349,-5.21017,116.0,158.0,823.1706543,632.814366931,88,,1475467414000
35780243,1615-FDW,13,41.67814,-5.20659,118.0,146.0,820.8355713,665.800039841,88,,1475467434000
35780245,1615-FDW,13,41.67296,-5.20214,116.0,140.0,826.0,685.616594531,88,,1475467454000
35780247,1615-FDW,13,41.66838,-5.19803,116.0,168.0,811.1513062,613.035105612,84,,1475467474000
35780249,1615-FDW,13,41.66253,-5.19791,116.0,160.0,778.9363403,650.953020925,88,,1475467494000
35780251,1615-FDW,13,41.65743,-5.19408,116.0,150.0,760.5780029,651.634143611,88,,1475467514000
35780253,1615-FDW,13,41.65174,-5.19188,116.0,164.0,748.3840942,658.772445106,88,,1475467534000
35780255,1615-FDW,13,41.64583,-5.18935,116.0,166.0,740.9396362,690.649753745,88,,1475467554000
35780257,1615-FDW,13,41.64034,-5.18784,116.0,168.0,735.9511719,623.515258637,88,,1475467574000
35780259,1615-FDW,13,41.63452,-5.18772,116.0,170.0,734.0,648.517776745,86,,1475467594000
35780261,1615-FDW,13,41.62937,-5.18347,116.0,126.0,734.1642456,672.768227265,88,,1475467614000
35780263,1615-FDW,13,41.62696,-5.17669,116.0,112.0,737.4917603,624.820472559,88,,1475467634000
35780265,1615-FDW,13,41.62462,-5.16945,116.0,112.0,742.4413452,655.971017803,89,,1475467654000
35780267,1615-FDW,13,41.62129,-5.16266,116.0,134.0,747.798584,675.437360962,89,,1475467674000
35780269,1615-FDW,13,41.61727,-5.15747,116.0,140.0,758.5859985,621.862157967,88,,1475467694000
35780271,1615-FDW,13,41.61237,-5.15301,116.0,144.0,760.369873,659.661871526,89,,1475467714000
35780273,1615-FDW,13,41.60904,-5.14675,116.0,106.0,756.1517334,639.2654941,89,,1475467734000
35780275,1615-FDW,13,41.60631,-5.13985,116.0,122.0,738.6782227,649.799360242,78,,1475467754000
35780277,1615-FDW,13,41.60308,-5.1333,116.0,122.0,728.6855469,653.013229529,89,,1475467774000
35780279,1615-FDW,13,41.59985,-5.12674,116.0,122.0,717.5953979,653.552288739,89,,1475467794000
35780281,1615-FDW,13,41.59539,-5.12179,116.0,156.0,710.4595947,645.925034256,89,,1475467814000
35780283,1615-FDW,13,41.59083,-5.11703,116.0,126.0,717.3531494,643.256978638,91,,1475467834000
35780285,1615-FDW,13,41.58639,-5.11202,116.0,152.0,719.7316895,646.904895474,89,,1475467854000
35780287,1615-FDW,13,41.582,-5.10634,116.0,128.0,737.946106,680.003003379,91,,1475467874000
35780289,1615-FDW,13,41.57793,-5.10127,116.0,138.0,744.3252563,619.210537207,91,,1475467894000
35780291,1615-FDW,13,41.57352,-5.09596,116.0,136.0,746.3869629,660.396199653,85,,1475467914000
35780293,1615-FDW,13,41.56893,-5.09111,116.0,150.0,741.190918,651.209059261,91,,1475467934000
35780295,1615-FDW,13,41.56348,-5.0872,116.0,150.0,727.0782471,687.876481749,91,,1475467954000
35780297,1615-FDW,13,41.55848,-5.08308,116.0,144.0,719.8609619,654.12135671,91,,1475467974000
35780299,1615-FDW,13,41.55384,-5.0789,116.0,148.0,715.1166382,622.952157525,91,,1475467994000
35780301,1615-FDW,13,41.5485,-5.07471,116.0,148.0,722.2902832,689.399060966,91,,1475468014000
35780303,1615-FDW,13,41.54347,-5.07067,116.0,148.0,734.1405029,653.099930592,91,,1475468034000
35780305,1615-FDW,13,41.53842,-5.06665,116.0,146.0,744.4901733,654.885351872,91,,1475468054000
35780307,1615-FDW,13,41.53451,-5.06137,116.0,124.0,747.6436768,618.461457594,91,,1475468074000
35780309,1615-FDW,13,41.53106,-5.055,116.0,126.0,739.0505371,655.325585435,91,,1475468094000
35780311,1615-FDW,13,41.5276,-5.04863,116.0,126.0,730.4597778,655.287637124,88,,1475468114000
35780313,1615-FDW,13,41.52412,-5.0423,116.0,126.0,713.6550903,654.84624735,92,,1475468134000
35780315,1615-FDW,13,41.52065,-5.03598,116.0,124.0,703.6744385,652.746659336,92,,1475468154000
35780317,1615-FDW,13,41.5172,-5.02963,116.0,124.0,696.4900513,653.206263849,92,,1475468174000
35780319,1615-FDW,13,41.51379,-5.02323,116.0,122.0,690.6657715,655.554992257,92,,1475468194000
35780321,1615-FDW,13,41.51237,-5.0157,116.0,88.0,689.2744141,646.699536241,92,,1475468214000
35780323,1615-FDW,13,41.51336,-5.00795,116.0,84.0,692.7791748,655.231275556,92,,1475468234000
35780325,1615-FDW,13,41.51297,-5.00018,116.0,100.0,695.3511353,648.7306126,92,,1475468254000
35780327,1615-FDW,13,41.51091,-4.99285,116.0,118.0,701.5888062,653.020461395,92,,1475468274000
35780329,1615-FDW,13,41.50697,-4.98705,116.0,124.0,695.8360596,652.303820112,92,,1475468294000
35780331,1615-FDW,13,41.50598,-4.97943,116.0,86.0,690.0267944,644.710781831,91,,1475468314000
35780333,1615-FDW,13,41.50726,-4.97179,116.0,74.0,689.3557739,652.128609351,92,,1475468334000
35780335,1615-FDW,13,41.50885,-4.96424,116.0,74.0,680.6414185,654.189863918,91,,1475468354000
35780337,1615-FDW,13,41.51048,-4.95673,116.0,68.0,689.0457764,651.129546501,92,,1475468374000
35780339,1615-FDW,13,41.51369,-4.94967,116.0,58.0,690.2807617,688.992571574,92,,1475468394000
35780341,1615-FDW,13,41.51649,-4.94321,116.0,62.0,692.6367798,621.567301926,92,,1475468414000
35780343,1615-FDW,13,41.51934,-4.93591,116.0,60.0,692.8043823,686.199417059,82,,1475468434000
35780345,1615-FDW,13,41.52199,-4.92934,116.0,62.0,691.8658447,622.176082634,92,,1475468454000
35780347,1615-FDW,13,41.52475,-4.92238,116.0,60.0,691.9440308,656.139615238,93,,1475468474000
35780349,1615-FDW,13,41.52753,-4.91545,116.0,62.0,690.9445801,655.12527787,93,,1475468494000
35780351,1615-FDW,13,41.53034,-4.90855,116.0,60.0,693.4317017,654.479163218,93,,1475468514000
35780353,1615-FDW,13,41.53429,-4.90232,116.0,44.0,688.9854126,680.224558996,92,,1475468534000
35780355,1615-FDW,13,41.53851,-4.89686,116.0,42.0,687.7484131,653.836822489,92,,1475468554000
35780357,1615-FDW,13,41.54255,-4.89168,116.0,42.0,687.7872925,623.343856104,92,,1475468574000
35780359,1615-FDW,13,41.54681,-4.88626,122.0,42.0,685.0609131,654.724713351,92,,1475468594000
35780361,1615-FDW,13,41.55106,-4.88073,116.0,44.0,688.1279907,660.188622326,91,,1475468614000
35780363,1615-FDW,13,41.5555,-4.87502,116.0,44.0,692.9884033,686.055442552,93,,1475468634000
35780365,1615-FDW,13,41.55948,-4.8699,114.0,44.0,703.2615967,614.541701394,93,,1475468654000
35780367,1615-FDW,13,41.56351,-4.864,108.0,48.0,689.5305786,665.131149801,93,,1475468674000
35780369,1615-FDW,13,41.56598,-4.86005,34.0,66.0,688.4593506,428.896455884,93,,1475468694000
35780371,1615-FDW,13,41.56586,-4.85989,10.0,142.0,687.4588013,19.0841216692,93,,1475468714000
35780373,1615-FDW,13,41.56581,-4.85969,0.0,120.0,686.6767578,16.966101579,64,Camino de Valdeobispo, 47130 Simancas, Valladolid, (Castilla y Len), Espaa,1475468734000
35780375,1615-FDW,13,41.56581,-4.85969,0.0,120.0,686.6767578,0.0,64,,1475468754000
35780377,1615-FDW,13,41.56581,-4.85969,0.0,120.0,686.6767578,0.0,63,,1475468774000
35780379,1615-FDW,13,41.56581,-4.85969,0.0,120.0,686.6767578,0.0,92,Camino de Valdeobispo, 47130 Simancas, Valladolid, (Castilla y Len), Espaa,1475468785000
35780381,1615-FDW,13,41.56581,-4.85969,0.0,120.0,686.6767578,0.0,91,,1475468794000
35780383,1615-FDW,13,41.56581,-4.85969,0.0,120.0,686.6767578,0.0,64,Camino de Valdeobispo, 47130 Simancas, Valladolid, (Castilla y Len), Espaa,1475468811000
35780385,1615-FDW,13,41.56581,-4.85969,0.0,120.0,686.6767578,0.0,64,,1475468814000
35780387,1615-FDW,13,41.56581,-4.85969,0.0,120.0,686.6767578,0.0,63,,1475468834000
35780389,1615-FDW,13,41.56581,-4.85969,0.0,120.0,686.6767578,0.0,61,,1475468854000
35780391,1615-FDW,13,41.56581,-4.85969,0.0,120.0,686.6767578,0.0,61,,1475468874000
35780393,1615-FDW,13,41.56581,-4.85969,0.0,120.0,686.6767578,0.0,61,,1475468894000
35780395,1615-FDW,13,41.56581,-4.85969,0.0,120.0,686.6767578,0.0,60,,1475468914000
35780397,1615-FDW,13,41.56581,-4.85969,0.0,120.0,686.6767578,0.0,60,,1475468954000
35780399,1615-FDW,13,41.56581,-4.85969,0.0,120.0,686.6767578,0.0,58,Camino de Valdeobispo, 47130 Simancas, Valladolid, (Castilla y Len), Espaa,1475468964000
35780401,1615-FDW,13,41.56581,-4.85969,6.0,354.0,686.6767578,0.0,88,Camino de Valdeobispo, 47130 Simancas, Valladolid, (Castilla y Len), Espaa,1475469065000
35780403,1615-FDW,13,41.56767,-4.85799,72.0,46.0,688.3887329,250.565408113,91,,1475469085000
35780405,1615-FDW,13,41.57106,-4.8532,120.0,46.0,689.0938721,549.087708252,92,,1475469105000
35780407,1615-FDW,13,41.57563,-4.84769,118.0,38.0,683.8878784,684.979968504,92,,1475469125000
35780409,1615-FDW,13,41.57973,-4.84166,118.0,52.0,688.034729,679.071574058,93,,1475469145000
35780411,1615-FDW,13,41.58366,-4.83643,112.0,38.0,700.9906006,616.215407884,93,,1475469165000
35780413,1615-FDW,13,41.58822,-4.83235,106.0,16.0,706.3054199,611.433102551,92,,1475469185000
35780415,1615-FDW,13,41.59308,-4.82878,112.0,52.0,726.2891235,616.966050971,93,,1475469205000
35780417,1615-FDW,13,41.59705,-4.82224,122.0,50.0,704.8901978,701.472558821,93,,1475469225000
35780419,1615-FDW,13,41.60073,-4.81611,116.0,48.0,716.1115112,653.661691105,95,,1475469245000
35780421,1615-FDW,13,41.60472,-4.81012,116.0,48.0,710.0909424,667.909109351,95,,1475469265000
35780423,1615-FDW,13,41.60835,-4.80431,118.0,52.0,698.2628174,629.807830438,95,,1475469285000
35780425,1615-FDW,13,41.61173,-4.79745,118.0,56.0,699.5856934,683.98009689,95,,1475469305000
35780427,1615-FDW,13,41.61513,-4.79171,112.0,36.0,718.4782715,609.031014803,95,,1475469325000
35780429,1615-FDW,13,41.62065,-4.78956,102.0,8.0,722.7825928,640.688977318,95,,1475469345000
35780431,1615-FDW,13,41.62321,-4.786,84.0,90.0,707.6616211,410.959668554,95,,1475469365000
35780433,1615-FDW,13,41.61974,-4.78069,120.0,136.0,688.80896,587.082968494,95,,1475469385000
35780435,1615-FDW,13,41.61467,-4.77537,122.0,142.0,684.8826904,717.002298227,96,,1475469405000
35780437,1615-FDW,13,41.61059,-4.76984,116.0,126.0,687.2265625,646.872469523,96,,1475469425000
35780439,1615-FDW,13,41.60829,-4.76236,126.0,96.0,688.8334351,673.068819656,96,,1475469445000
35780441,1615-FDW,13,41.60792,-4.75411,124.0,102.0,689.9196167,687.258064005,95,,1475469465000
35780443,1615-FDW,13,41.60582,-4.74648,132.0,110.0,689.7018433,677.138260028,96,,1475469487000
35780445,1615-FDW,13,41.60546,-4.73942,82.0,82.0,701.5701294,588.846828059,96,,1475469507000
35780447,1615-FDW,13,41.6065,-4.73383,78.0,70.0,699.5673218,479.234072803,96,,1475469527000
35780449,1615-FDW,13,41.60802,-4.72872,66.0,64.0,697.5800781,457.789521888,96,,1475469547000
35780451,1615-FDW,13,41.60946,-4.72471,60.0,86.0,703.4552612,369.919398769,96,,1475469567000
35780453,1615-FDW,13,41.60929,-4.72563,60.0,348.0,702.4666748,78.4082232514,96,,1475469587000
35780455,1615-FDW,13,41.61265,-4.72619,44.0,358.0,703.0083618,377.100617913,98,,1475469607000
35780457,1615-FDW,13,41.61347,-4.7262,0.0,350.0,704.0632324,90.7147063489,96,,1475469627000
35780459,1615-FDW,13,41.61437,-4.72619,24.0,358.0,705.0072021,100.504427979,98,,1475469647000
35780461,1615-FDW,13,41.615,-4.72619,0.0,6.0,705.213501,69.2283508353,85,,1475469667000
35780463,1615-FDW,13,41.615,-4.72619,0.0,6.0,705.213501,0.0950247049332,98,,1475469687000
35780465,1615-FDW,13,41.61517,-4.72617,20.0,0.0,705.4733887,19.3663985483,96,,1475469707000
35780467,1615-FDW,13,41.61648,-4.72615,12.0,0.0,705.5757446,146.150035068,79,,1475469727000
35780469,1615-FDW,13,41.61671,-4.72615,0.0,34.0,705.2608643,25.4898346636,95,,1475469747000
35780471,1615-FDW,13,41.61671,-4.72615,0.0,34.0,705.2608643,0.0,98,Avenida Madrid 5, 47008 Valladolid, Valladolid, (Castilla y Len), Espaa,1475469760000
35780473,1615-FDW,13,41.61831,-4.72627,44.0,334.0,702.0958252,177.905383531,98,Avenida Madrid 34, 47008 Valladolid, Valladolid, (Castilla y Len), Espaa,1475469798000
35780475,1615-FDW,13,41.62191,-4.72611,86.0,2.0,701.0320435,401.455998277,98,,1475469819000
35780477,1615-FDW,13,41.62602,-4.7262,72.0,346.0,696.2156372,456.95342347,98,,1475469839000
35780479,1615-FDW,13,41.62789,-4.72679,24.0,346.0,695.8810425,214.465980389,99,,1475469859000
35780481,1615-FDW,13,41.62832,-4.727,0.0,336.0,696.192688,51.0630263202,98,,1475469879000
35780483,1615-FDW,13,41.62832,-4.727,0.0,336.0,696.192688,0.0,99,,1475469899000
35780487,1615-FDW,13,41.62932,-4.72715,22.0,0.0,696.6616821,111.803904995,99,,1475469919000
35780489,1615-FDW,13,41.6294,-4.72721,0.0,14.0,696.7050781,9.83494219578,99,,1475469939000
35780491,1615-FDW,13,41.62908,-4.72743,0.0,166.0,696.3425903,39.8236283152,99,,1475469959000
35780493,1615-FDW,13,41.62908,-4.72743,0.0,166.0,696.3425903,0.0950247049332,99,,1475469979000
35780495,1615-FDW,13,41.62855,-4.7272,38.0,164.0,696.4766846,62.5397571392,99,,1475469999000
35780497,1615-FDW,13,41.62735,-4.72692,6.0,10.0,695.9084473,135.246830193,99,,1475470019000
35780499,1615-FDW,13,41.6278,-4.72689,0.0,348.0,696.0170288,50.1429800351,98,,1475470039000
35780501,1615-FDW,13,41.62797,-4.72682,0.0,356.0,695.930542,19.3810800392,99,,1475470059000
35780503,1615-FDW,13,41.62797,-4.72682,0.0,356.0,695.930542,0.0,73,???? ?? ???????? ??????? 77, 47013 Valladolid, Valladolid, (Castilla y Len), Espaa,1475470066000
35780505,1615-FDW,13,41.62797,-4.72682,0.0,356.0,695.930542,0.0,71,,1475470079000
35780507,1615-FDW,13,41.62797,-4.72682,0.0,356.0,695.930542,0.0,70,,1475470099000
35780509,1615-FDW,13,41.62797,-4.72682,0.0,356.0,695.930542,0.0,68,,1475470119000
35780511,1615-FDW,13,41.62797,-4.72682,0.0,356.0,695.930542,0.0,68,,1475470139000
35780515,1615-FDW,13,41.62797,-4.72682,0.0,356.0,695.930542,0.0,67,,1475470159000
35780517,1615-FDW,13,41.62797,-4.72682,0.0,356.0,695.930542,0.0,67,,1475470179000
35780519,1615-FDW,13,41.62797,-4.72682,0.0,356.0,695.930542,0.0,67,???? ?? ???????? ??????? 77, 47013 Valladolid, Valladolid, (Castilla y Len), Espaa,1475470190000
35782817,1615-FDW,13,41.62797,-4.82682,0.0,356.0,748.0,8319.35779648,67,,1475474479000
35782823,1615-FDW,13,41.62797,-4.82682,0.0,356.0,748.0,0.0,67,,1475474539000
35782827,1615-FDW,13,41.62797,-4.82682,0.0,356.0,748.0,0.0,67,,1475474599000
35782851,1615-FDW,13,41.62797,-4.72682,0.0,0.0,695.930542,8319.35779648,88,???? ?? ???????? ??????? 77, 47013 Valladolid, Valladolid, (Castilla y Len), Espaa,1475502541000
35782853,1615-FDW,13,41.62945,-4.72714,32.0,356.0,696.8261108,167.080563546,88,,1475502561000
35782855,1615-FDW,13,41.63132,-4.72637,34.0,18.0,696.550415,217.232960016,86,,1475502581000
35782857,1615-FDW,13,41.63319,-4.72553,40.0,16.0,695.513855,220.180833178,86,,1475502601000
35782859,1615-FDW,13,41.63494,-4.72472,24.0,20.0,698.4595337,205.913273435,86,,1475502621000
35782861,1615-FDW,13,41.6355,-4.72455,0.0,356.0,699.0995483,64.1136550188,86,,1475502641000
35782863,1615-FDW,13,41.63551,-4.72456,4.0,16.0,699.0466919,1.09175074091,86,,1475502661000
35782865,1615-FDW,13,41.6373,-4.72365,44.0,22.0,698.918335,214.102279663,88,,1475502681000
35782867,1615-FDW,13,41.63919,-4.72267,30.0,18.0,697.1550903,224.77993023,88,,1475502701000
35782869,1615-FDW,13,41.64015,-4.72208,0.0,118.0,698.1107178,117.551167634,86,,1475502721000
35782871,1615-FDW,13,41.64021,-4.72177,20.0,72.0,698.0415649,27.0638634147,88,,1475502741000
35782873,1615-FDW,13,41.641,-4.7204,22.0,342.0,697.2120361,143.800135914,88,,1475502761000
35782875,1615-FDW,13,41.64127,-4.72053,0.0,342.0,696.583252,31.3572887551,88,,1475502781000
35782877,1615-FDW,13,41.6426,-4.72137,44.0,340.0,695.8544922,163.363829567,88,,1475502801000
35782879,1615-FDW,13,41.64465,-4.72085,20.0,4.0,699.3157349,232.774065786,89,,1475502821000
35782881,1615-FDW,13,41.6459,-4.72073,34.0,2.0,703.789917,139.260058635,89,,1475502841000
35782883,1615-FDW,13,41.64779,-4.72059,24.0,350.0,705.5915527,211.257294674,89,,1475502861000
35782885,1615-FDW,13,41.64872,-4.72054,14.0,354.0,701.8005371,102.797715257,86,,1475502881000
35782887,1615-FDW,13,41.64917,-4.72068,0.0,336.0,701.0072021,51.3499297277,89,,1475502901000
35782889,1615-FDW,13,41.64917,-4.72068,0.0,336.0,701.0072021,0.0,89,,1475502921000
35782891,1615-FDW,13,41.64955,-4.72065,14.0,350.0,704.2536621,42.9729200967,89,,1475502941000
35782893,1615-FDW,13,41.64963,-4.72072,0.0,332.0,705.0117798,10.2221145222,91,,1475502961000
35782895,1615-FDW,13,41.64971,-4.72082,6.0,356.0,705.8259888,13.038830045,89,,1475502981000
35782897,1615-FDW,13,41.65002,-4.72079,0.0,352.0,707.0357666,34.2540007723,91,,1475503001000
35782899,1615-FDW,13,41.65045,-4.72051,6.0,82.0,705.8459473,52.8779825208,79,,1475503021000
35782903,1615-FDW,13,41.65044,-4.72047,0.0,134.0,705.532959,4.22405923563,91,,1475503041000
35782905,1615-FDW,13,41.65077,-4.72031,14.0,10.0,703.6010132,39.3967659346,91,,1475503061000
35782907,1615-FDW,13,41.65175,-4.71886,12.0,42.0,699.937439,162.572857519,91,,1475503081000
35782911,1615-FDW,13,41.6521,-4.7184,20.0,36.0,701.3275757,54.0848365878,91,,1475503101000
35782913,1615-FDW,13,41.65359,-4.71782,22.0,6.0,700.2941284,172.755018111,91,,1475503121000
35782915,1615-FDW,13,41.6538,-4.71775,0.0,12.0,701.2422485,24.8434635613,92,,1475503141000
35782919,1615-FDW,13,41.65446,-4.71682,18.0,48.0,700.6555176,106.84542497,92,,1475503161000
35782921,1615-FDW,13,41.65463,-4.71657,0.0,40.0,700.0467529,27.9614937388,92,,1475503181000
35782923,1615-FDW,13,41.65463,-4.71657,0.0,40.0,700.0467529,0.0,92,,1475503201000
35782927,1615-FDW,13,41.65463,-4.71657,0.0,40.0,700.0467529,0.0,92,,1475503221000
35782929,1615-FDW,13,41.65512,-4.71558,26.0,50.0,702.5109253,98.8607729503,92,,1475503243000
35782931,1615-FDW,13,41.65587,-4.71417,16.0,50.0,701.37854,143.949098812,92,,1475503263000
35782935,1615-FDW,13,41.65588,-4.71411,0.0,164.0,701.4547729,5.11547209933,85,,1475503283000
35782937,1615-FDW,13,41.65588,-4.71411,0.0,164.0,701.4547729,0.0,68,Paseo Prado de la Magdalena 12, 47005 Valladolid, Valladolid, (Castilla y Len), Espaa,1475503297000
35782939,1615-FDW,13,41.65588,-4.71411,0.0,164.0,701.4547729,0.0,67,,1475503303000
35782941,1615-FDW,13,41.65588,-4.71411,0.0,164.0,701.4547729,0.0,67,,1475503323000
35782945,1615-FDW,13,41.65588,-4.71411,0.0,164.0,701.4547729,0.0,66,,1475503343000
35782947,1615-FDW,13,41.65588,-4.71411,0.0,164.0,701.4547729,0.0,66,,1475503363000
35782949,1615-FDW,13,41.65588,-4.71411,0.0,164.0,701.4547729,0.0,64,,1475503383000
35782953,1615-FDW,13,41.65588,-4.71411,0.0,164.0,701.4547729,0.0,64,,1475503403000
35782955,1615-FDW,13,41.65588,-4.71411,0.0,164.0,701.4547729,0.0,64,,1475503423000
35782957,1615-FDW,13,41.65588,-4.71411,0.0,164.0,701.4547729,0.0,64,,1475503443000
35782961,1615-FDW,13,41.65588,-4.71411,0.0,164.0,701.4547729,0.0,64,Paseo Prado de la Magdalena 12, 47005 Valladolid, Valladolid, (Castilla y Len), Espaa,1475503455000
35783591,1615-FDW,13,41.65588,-4.71411,0.0,0.0,701.4547729,0.0,86,Paseo Prado de la Magdalena 12, 47005 Valladolid, Valladolid, (Castilla y Len), Espaa,1475511663000
35783605,1615-FDW,13,41.65773,-4.71432,2.0,354.0,696.6144409,206.082012303,92,,1475511706000
35783613,1615-FDW,13,41.65929,-4.71549,0.0,44.0,704.2797852,199.634851361,93,,1475511726000
35783623,1615-FDW,13,41.65929,-4.71549,0.0,44.0,704.2797852,0.0,92,,1475511746000
35783631,1615-FDW,13,41.6591,-4.71528,8.0,26.0,703.6416016,27.8411034149,93,,1475511766000
35783639,1615-FDW,13,41.65948,-4.71471,2.0,0.0,701.8294678,63.8339727761,93,,1475511786000
35783645,1615-FDW,13,41.66012,-4.7137,24.0,34.0,698.8231812,109.582397441,93,,1475511806000
35783653,1615-FDW,13,41.66094,-4.71218,26.0,52.0,694.9621582,155.707250701,93,,1475511826000
35783657,1615-FDW,13,41.6618,-4.71074,24.0,50.0,695.7086182,153.432092318,93,,1475511846000
35783671,1615-FDW,13,41.66242,-4.70977,8.0,48.0,697.098877,106.237577619,95,,1475511866000
35783679,1615-FDW,13,41.66245,-4.70973,0.0,48.0,697.2634277,4.75503471568,93,,1475511886000
35783685,1615-FDW,13,41.66245,-4.70973,0.0,48.0,697.2634277,0.0,93,,1475511906000
35783691,1615-FDW,13,41.66307,-4.70871,28.0,50.0,699.803772,108.746298898,95,,1475511926000
35783697,1615-FDW,13,41.66415,-4.70708,36.0,48.0,698.0326538,181.812881451,95,,1475511946000
35783705,1615-FDW,13,41.66474,-4.70612,14.0,48.0,697.6778564,103.040086008,95,,1475511966000
35783713,1615-FDW,13,41.66529,-4.70533,4.0,52.0,698.7762451,89.9394149182,95,,1475511987000
35783725,1615-FDW,13,41.66531,-4.70526,0.0,56.0,698.8844604,6.16123655432,95,,1475512007000
35783733,1615-FDW,13,41.66543,-4.70505,14.0,50.0,698.8974609,22.3166485561,95,,1475512027000
35783743,1615-FDW,13,41.66617,-4.70371,24.0,88.0,697.9235229,138.285499713,95,,1475512047000
35783749,1615-FDW,13,41.66655,-4.70352,0.0,324.0,697.6866455,45.014537707,82,,1475512067000
35783759,1615-FDW,13,41.66766,-4.70457,50.0,326.0,694.0740356,151.308604823,93,,1475512087000
35783767,1615-FDW,13,41.67031,-4.70737,68.0,314.0,698.4228516,375.848871985,92,,1475512107000
35783773,1615-FDW,13,41.67217,-4.71091,56.0,300.0,694.3587646,359.835848342,96,,1475512127000
35783775,1615-FDW,13,41.67365,-4.71423,44.0,300.0,689.74646,321.098883026,96,,1475512147000
35783791,1615-FDW,13,41.67469,-4.71657,48.0,300.0,695.1633911,226.151990208,93,,1475512167000
35783799,1615-FDW,13,41.6765,-4.71992,58.0,314.0,696.4720459,344.053541352,96,,1475512187000
35783807,1615-FDW,13,41.67855,-4.72164,46.0,328.0,695.6647339,269.735621693,96,,1475512208000
35783813,1615-FDW,13,41.68112,-4.7246,84.0,318.0,710.9554443,377.109944396,96,,1475512228000
35783819,1615-FDW,13,41.68381,-4.7291,74.0,304.0,719.9827881,479.100446052,96,,1475512248000
35783827,1615-FDW,13,41.6861,-4.73021,50.0,40.0,722.1703491,271.339247104,96,,1475512268000
35783837,1615-FDW,13,41.68461,-4.73016,68.0,218.0,723.0825806,166.337834968,98,,1475512288000
35783845,1615-FDW,13,41.6818,-4.73489,94.0,234.0,731.9456787,502.381047561,98,,1475512308000
35783851,1615-FDW,13,41.67953,-4.73949,56.0,244.0,737.8157349,458.653155595,96,,1475512328000
35783853,1615-FDW,13,41.67945,-4.74165,36.0,318.0,748.4370117,179.764214652,98,,1475512348000
35783855,1615-FDW,13,41.68095,-4.74242,26.0,30.0,751.7685547,179.1117636,96,,1475512368000
35783857,1615-FDW,13,41.68224,-4.741,26.0,38.0,756.0031738,185.418427137,98,,1475512388000
35783859,1615-FDW,13,41.68305,-4.74083,28.0,328.0,758.2442627,91.1052053188,96,,1475512408000
35783897,1615-FDW,13,41.68431,-4.74157,20.0,60.0,759.1325073,153.003437826,98,,1475512428000
35783905,1615-FDW,13,41.68344,-4.74044,30.0,144.0,758.6203613,134.292872094,98,,1475512448000
35783913,1615-FDW,13,41.68346,-4.73975,0.0,354.0,757.9205322,57.2062140652,98,,1475512468000
35783915,1615-FDW,13,41.68346,-4.73975,0.0,354.0,757.9205322,0.0,73,Calle Ada 15, 47009 Valladolid, Valladolid, (Castilla y Len), Espaa,1475512471000
35783925,1615-FDW,13,41.68346,-4.73975,0.0,354.0,757.9205322,0.0,63,,1475512488000
35783933,1615-FDW,13,41.68346,-4.73975,0.0,354.0,757.9205322,0.0,71,,1475512508000
35783941,1615-FDW,13,41.68346,-4.73975,0.0,354.0,757.9205322,0.0,70,,1475512528000
35783951,1615-FDW,13,41.68346,-4.73975,0.0,354.0,757.9205322,0.0,70,,1475512548000
35783959,1615-FDW,13,41.68346,-4.73975,0.0,354.0,757.9205322,0.0,70,,1475512568000
35783967,1615-FDW,13,41.68346,-4.73975,0.0,354.0,757.9205322,0.0,68,,1475512588000
35783977,1615-FDW,13,41.68346,-4.73975,0.0,354.0,757.9205322,0.0,67,,1475512608000
35783981,1615-FDW,13,41.68346,-4.73975,0.0,354.0,757.9205322,0.0,68,Calle Ada 15, 47009 Valladolid, Valladolid, (Castilla y Len), Espaa,1475512626000
35784141,1615-FDW,13,41.68346,-4.73975,0.0,354.0,757.9205322,0.0,98,Calle Ada 15, 47009 Valladolid, Valladolid, (Castilla y Len), Espaa,1475512629000
35784143,1615-FDW,13,41.68347,-4.73975,4.0,54.0,757.9345703,0.987525701511,98,,1475516060000
35784145,1615-FDW,13,41.68435,-4.74012,28.0,330.0,759.2124634,103.353073294,98,,1475516080000
35784147,1615-FDW,13,41.68457,-4.74096,24.0,242.0,758.0903931,74.0511374952,96,,1475516100000
35784149,1615-FDW,13,41.68382,-4.74154,40.0,146.0,759.8303833,95.3210998643,99,,1475516120000
35784151,1615-FDW,13,41.68248,-4.74064,16.0,228.0,756.098999,167.438060158,99,,1475516140000
35784153,1615-FDW,13,41.68107,-4.74226,40.0,214.0,752.1204224,206.746506416,101,,1475516160000
35784155,1615-FDW,13,41.68044,-4.74276,24.0,146.0,749.8629761,81.7143953377,99,,1475516180000
35784157,1615-FDW,13,41.67845,-4.74015,54.0,124.0,743.1622314,310.337098618,101,,1475516200000
35784159,1615-FDW,13,41.67862,-4.73869,56.0,28.0,741.9993896,122.929946418,101,,1475516220000
35784161,1615-FDW,13,41.6819,-4.73408,106.0,56.0,729.9957275,529.572416456,101,,1475516240000
35784163,1615-FDW,13,41.68344,-4.72872,90.0,114.0,716.5484619,477.261351236,101,,1475516260000
35784165,1615-FDW,13,41.68029,-4.72397,86.0,144.0,705.3951416,528.176117701,99,,1475516280000
35784167,1615-FDW,13,41.67831,-4.72232,18.0,162.0,695.6472778,260.189268336,101,,1475516300000
35784169,1615-FDW,13,41.67627,-4.71994,74.0,134.0,697.0515747,300.571778851,102,,1475516320000
35784171,1615-FDW,13,41.67516,-4.71816,0.0,130.0,694.8449707,193.267822416,102,,1475516340000
35784173,1615-FDW,13,41.675,-4.71772,36.0,120.0,694.8082886,40.6830049506,102,,1475516360000
35784175,1615-FDW,13,41.67318,-4.71367,76.0,120.0,686.9631348,392.701731224,96,,1475516380000
35784177,1615-FDW,13,41.67098,-4.70891,82.0,126.0,697.0065918,465.395121859,102,,1475516400000
35784179,1615-FDW,13,41.66827,-4.70543,68.0,144.0,694.7902222,417.551518145,101,,1475516420000
35784181,1615-FDW,13,41.66698,-4.70431,0.0,170.0,694.3269043,172.190900936,102,,1475516440000
35784183,1615-FDW,13,41.66698,-4.70431,0.0,170.0,694.3269043,0.0950247049332,99,,1475516460000
35784185,1615-FDW,13,41.6668,-4.70416,28.0,154.0,695.1298828,23.0199186407,102,,1475516480000
35784187,1615-FDW,13,41.66571,-4.70458,0.0,210.0,698.6898804,125.59297018,102,,1475516500000
35784189,1615-FDW,13,41.66541,-4.70506,32.0,230.0,698.9641113,52.2267742714,103,,1475516520000
35784191,1615-FDW,13,41.66411,-4.70713,38.0,228.0,698.0609131,224.723201243,103,,1475516540000
35784193,1615-FDW,13,41.66281,-4.7092,32.0,230.0,699.3372803,224.830600572,103,,1475516561000
35784195,1615-FDW,13,41.66149,-4.71124,40.0,230.0,694.8952026,224.906393974,103,,1475516581000
35784197,1615-FDW,13,41.66015,-4.71336,34.0,228.0,698.3251343,230.373850462,103,,1475516601000
35784199,1615-FDW,13,41.65935,-4.71468,38.0,240.0,701.5828857,142.078967386,103,,1475516621000
35784201,1615-FDW,13,41.65819,-4.71747,36.0,242.0,701.3712158,264.670825062,105,,1475516641000
35784203,1615-FDW,13,41.65723,-4.71802,30.0,152.0,698.1303711,116.458038774,95,,1475516663000
35784205,1615-FDW,13,41.65517,-4.71653,36.0,152.0,698.744812,260.615244993,103,,1475516683000
35784207,1615-FDW,13,41.65564,-4.71443,40.0,48.0,701.0498047,182.554008192,103,,1475516703000
35784209,1615-FDW,13,41.65603,-4.71367,0.0,46.0,701.7710571,76.0943217784,105,,1475516723000
35784211,1615-FDW,13,41.65603,-4.71367,0.0,46.0,701.7710571,0.0,105,,1475516743000
35784213,1615-FDW,13,41.65612,-4.71353,14.0,30.0,701.097229,15.6300475363,105,,1475516763000
35784215,1615-FDW,13,41.65546,-4.71361,18.0,234.0,701.3671875,73.4647295685,105,,1475516783000
35784217,1615-FDW,13,41.65471,-4.71487,24.0,226.0,702.0210571,133.90521869,105,,1475516803000
35784219,1615-FDW,13,41.6544,-4.71504,0.0,138.0,703.0094604,37.1311998337,105,,1475516823000
35784221,1615-FDW,13,41.65436,-4.71507,12.0,140.0,703.156189,5.49584645545,106,,1475516843000
35784223,1615-FDW,13,41.65398,-4.71361,12.0,108.0,700.6907959,128.265894084,105,,1475516864000
35784225,1615-FDW,13,41.65432,-4.71283,10.0,350.0,700.5046997,75.0500282892,106,,1475516884000
35784227,1615-FDW,13,41.6547,-4.71314,0.0,20.0,701.0551147,49.1253829898,106,,1475516904000
35784229,1615-FDW,13,41.65469,-4.71313,0.0,20.0,701.0462646,0.711099778278,106,,1475516924000
35784231,1615-FDW,13,41.65469,-4.71313,0.0,20.0,701.0462646,0.0,105,,1475516946000
35784233,1615-FDW,13,41.65469,-4.71313,0.0,20.0,701.0462646,0.0,102,,1475516966000
35784235,1615-FDW,13,41.65469,-4.71313,0.0,20.0,701.0462646,0.0,106,,1475516986000
35784237,1615-FDW,13,41.65469,-4.71313,0.0,20.0,701.0462646,0.0,106,,1475517006000
35784239,1615-FDW,13,41.65484,-4.71316,24.0,4.0,701.2510986,16.3619187123,106,,1475517026000
35784241,1615-FDW,13,41.65514,-4.71315,0.0,170.0,701.6740112,32.7288039011,106,,1475517046000
35784243,1615-FDW,13,41.65514,-4.71315,0.0,170.0,701.6740112,0.0,81,Calle Covadonga 13, 47005 Valladolid, Valladolid, (Castilla y Len), Espaa,1475517058000
35784245,1615-FDW,13,41.65514,-4.71315,0.0,170.0,701.6740112,0.0,79,,1475517066000
35784247,1615-FDW,13,41.65514,-4.71315,0.0,170.0,701.6740112,0.0,78,,1475517086000
35784249,1615-FDW,13,41.65514,-4.71315,0.0,170.0,701.6740112,0.0,77,,1475517106000
35784251,1615-FDW,13,41.65514,-4.71315,0.0,170.0,701.6740112,0.0,77,,1475517126000
35784253,1615-FDW,13,41.65514,-4.71315,0.0,170.0,701.6740112,0.0,77,,1475517146000
35784255,1615-FDW,13,41.65514,-4.71315,0.0,170.0,701.6740112,0.0,75,,1475517166000
35784257,1615-FDW,13,41.65514,-4.71315,0.0,170.0,701.6740112,0.0,75,,1475517186000
35784259,1615-FDW,13,41.65514,-4.71315,0.0,170.0,701.6740112,0.0,75,,1475517206000
35784261,1615-FDW,13,41.65514,-4.71315,0.0,170.0,701.6740112,0.0,71,Calle Covadonga 13, 47005 Valladolid, Valladolid, (Castilla y Len), Espaa,1475517214000
35815375,1615-FDW,13,41.65514,-4.71315,0.0,306.0,701.6740112,7791.08985532,88,,1475600701000
35815377,1615-FDW,13,41.66267,-4.70929,22.0,48.0,698.8683472,897.640920952,95,,1475600721000
35815379,1615-FDW,13,41.66341,-4.70814,16.0,48.0,699.602417,126.138235858,95,,1475600741000
35815381,1615-FDW,13,41.66433,-4.70675,24.0,50.0,697.87146,154.308944475,95,,1475600761000
35815383,1615-FDW,13,41.66496,-4.70578,14.0,50.0,698.420166,107.027603771,95,,1475600781000
35815385,1615-FDW,13,41.66509,-4.70552,0.0,54.0,698.8712769,26.4824152246,95,,1475600801000
35815387,1615-FDW,13,41.66509,-4.70552,0.0,54.0,698.8712769,0.0,96,,1475600821000
35815389,1615-FDW,13,41.66555,-4.70479,22.0,48.0,698.8100586,78.4585331655,95,,1475600841000
35815391,1615-FDW,13,41.66621,-4.70332,18.0,34.0,697.3599854,142.741340829,96,,1475600861000
35815393,1615-FDW,13,41.66667,-4.70372,28.0,324.0,696.9470215,61.6273124965,79,,1475600881000
35815395,1615-FDW,13,41.66894,-4.7059,58.0,322.0,695.4708862,310.793605544,96,,1475600901000
35815397,1615-FDW,13,41.67103,-4.70867,58.0,306.0,697.6846924,327.436229778,96,,1475600921000
35815399,1615-FDW,13,41.67269,-4.71213,64.0,300.0,690.7813721,341.997464292,93,,1475600941000
35815401,1615-FDW,13,41.67416,-4.71545,50.0,300.0,694.0211182,320.742769244,96,,1475600961000
35815403,1615-FDW,13,41.67569,-4.71875,64.0,304.0,696.3023682,322.553547086,96,,1475600981000
35815405,1615-FDW,13,41.67769,-4.72119,44.0,336.0,694.0,301.378593074,96,,1475601001000
35815407,1615-FDW,13,41.67914,-4.7226,32.0,326.0,697.1622314,199.908311938,98,,1475601021000
35815409,1615-FDW,13,41.68142,-4.72489,64.0,314.0,712.3730469,316.58106171,96,,1475601041000
35815411,1615-FDW,13,41.68314,-4.72789,58.0,304.0,715.5125122,314.243624649,98,,1475601061000
35815413,1615-FDW,13,41.68541,-4.73072,44.0,6.0,724.8812256,345.286148787,98,,1475601081000
35815415,1615-FDW,13,41.68535,-4.72945,50.0,210.0,726.1209717,105.938610969,98,,1475601101000
35815417,1615-FDW,13,41.68251,-4.73326,96.0,236.0,729.088562,447.072251655,96,,1475601121000
35815419,1615-FDW,13,41.6793,-4.73905,120.0,228.0,737.5336304,599.073573951,98,,1475601141000
35815421,1615-FDW,13,41.67629,-4.74561,114.0,256.0,758.0026245,640.63264222,98,,1475601161000
35815423,1615-FDW,13,41.6768,-4.75381,118.0,270.0,765.59375,683.968030437,98,,1475601181000
35815425,1615-FDW,13,41.67436,-4.7604,118.0,218.0,737.9591675,611.531959488,96,,1475601201000
35815427,1615-FDW,13,41.66863,-4.76189,120.0,166.0,722.350708,649.884704651,99,,1475601221000
35815429,1615-FDW,13,41.66278,-4.76024,118.0,182.0,721.9509888,665.072296058,99,,1475601241000
35815431,1615-FDW,13,41.65718,-4.76302,118.0,208.0,719.2644653,664.735677473,93,,1475601261000
35815433,1615-FDW,13,41.65125,-4.76523,118.0,176.0,709.0,685.072390816,99,,1475601281000
35815435,1615-FDW,13,41.64107,-4.77079,116.0,222.0,719.246582,1223.82570377,99,,1475601321000
35815437,1615-FDW,13,41.63616,-4.77553,122.0,202.0,714.2276001,673.863888117,99,,1475601341000
35815439,1615-FDW,13,41.63079,-4.77859,118.0,214.0,713.0,649.520891666,99,,1475601361000
35815441,1615-FDW,13,41.62687,-4.78463,118.0,228.0,719.1224365,664.815043389,99,,1475601381000
35815443,1615-FDW,13,41.62216,-4.78947,118.0,200.0,718.796936,661.899253239,99,,1475601401000
35815445,1615-FDW,13,41.61666,-4.79091,96.0,202.0,721.937439,623.981879579,101,,1475601421000
35815447,1615-FDW,13,41.61253,-4.79592,124.0,236.0,702.9494019,619.978068302,99,,1475601441000
35815449,1615-FDW,13,41.60915,-4.80283,126.0,236.0,694.9041138,686.989265393,101,,1475601461000
35815451,1615-FDW,13,41.60541,-4.80938,114.0,226.0,707.2670898,685.853695811,101,,1475601481000
35815453,1615-FDW,13,41.60158,-4.81512,118.0,228.0,714.9452515,640.473673578,99,,1475601501000
35815455,1615-FDW,13,41.59781,-4.82122,116.0,232.0,703.4832764,658.314106814,101,,1475601521000
35815457,1615-FDW,13,41.59403,-4.82718,116.0,232.0,725.9014282,651.350713243,101,,1475601541000
35815459,1615-FDW,13,41.58974,-4.83207,116.0,196.0,707.5510254,626.860369278,101,,1475601561000
35815461,1615-FDW,13,41.58456,-4.83559,116.0,218.0,704.1741333,647.420240127,101,,1475601581000
35815463,1615-FDW,13,41.58022,-4.84094,116.0,230.0,688.8903198,656.078172584,101,,1475601601000
35815465,1615-FDW,13,41.57646,-4.84697,116.0,220.0,686.3654785,653.588956252,101,,1475601621000
35815467,1615-FDW,13,41.57176,-4.85231,116.0,222.0,687.6268311,687.485385473,102,,1475601641000
35815469,1615-FDW,13,41.56794,-4.85779,116.0,226.0,689.499939,622.927000936,102,,1475601661000
35815473,1615-FDW,13,41.56407,-4.86343,108.0,228.0,690.4643555,637.363430551,102,,1475601681000
35815475,1615-FDW,13,41.56039,-4.86897,110.0,226.0,703.6549072,617.642600447,102,,1475601701000
35815477,1615-FDW,13,41.55633,-4.87429,108.0,224.0,695.9818726,632.523131695,93,,1475601721000
35815479,1615-FDW,13,41.55261,-4.87909,104.0,224.0,688.3309937,575.470272292,102,,1475601741000
35815481,1615-FDW,13,41.54857,-4.88423,118.0,222.0,686.3113403,620.663155234,102,,1475601761000
35815483,1615-FDW,13,41.54433,-4.88972,116.0,222.0,687.5414429,656.623557988,102,,1475601781000
35815485,1615-FDW,13,41.53988,-4.89546,116.0,222.0,690.7641602,688.888963631,103,,1475601801000
35815487,1615-FDW,13,41.53585,-4.90061,116.0,224.0,686.9992676,620.858655779,99,,1475601821000
35815489,1615-FDW,13,41.53174,-4.906,112.0,228.0,692.5278931,641.20623374,103,,1475601841000
35815491,1615-FDW,13,41.52872,-4.91286,116.0,242.0,693.0482178,663.013515942,103,,1475601861000
35815493,1615-FDW,13,41.52578,-4.9201,116.0,240.0,691.1774902,685.939740957,103,,1475601881000
35815495,1615-FDW,13,41.5231,-4.92666,116.0,240.0,694.3245239,622.480434671,99,,1475601901000
35815497,1615-FDW,13,41.52033,-4.93361,116.0,240.0,692.090332,656.462691445,105,,1475601921000
35815499,1615-FDW,13,41.51746,-4.94092,116.0,242.0,692.0859985,687.576794683,103,,1475601941000
35815501,1615-FDW,13,41.51494,-4.94728,112.0,238.0,692.0153809,600.512350268,105,,1475601961000
35815503,1615-FDW,13,41.51158,-4.95437,120.0,236.0,690.7403564,698.724299787,105,,1475601981000
35815505,1615-FDW,13,41.50959,-4.96133,114.0,254.0,682.5317383,621.038290357,105,,1475602001000
35815507,1615-FDW,13,41.50802,-4.96888,116.0,254.0,682.5980225,653.323132352,103,,1475602021000
35815509,1615-FDW,13,41.50652,-4.97645,116.0,256.0,689.487915,652.827870076,105,,1475602041000
35815511,1615-FDW,13,41.50645,-4.98417,116.0,290.0,689.8668823,642.764412078,105,,1475602061000
35815513,1615-FDW,13,41.51021,-4.99072,116.0,302.0,694.515625,688.075594762,105,,1475602081000
35815515,1615-FDW,13,41.51268,-4.99746,116.0,288.0,699.9199219,625.431580195,105,,1475602101000
35815517,1615-FDW,13,41.51362,-5.00516,116.0,270.0,693.2903442,650.531551553,105,,1475602121000
35815519,1615-FDW,13,41.51293,-5.01294,116.0,256.0,694.1082153,652.118196705,105,,1475602141000
35815521,1615-FDW,13,41.5131,-5.0207,116.0,288.0,693.9049683,647.005471187,106,,1475602161000
35815523,1615-FDW,13,41.51619,-5.02733,116.0,306.0,693.8049927,651.24337682,106,,1475602181000
35815525,1615-FDW,13,41.51981,-5.03402,116.0,306.0,701.9231567,687.458564545,106,,1475602201000
35815527,1615-FDW,13,41.52329,-5.04035,116.0,306.0,708.5425415,654.083683661,106,,1475602221000
35815529,1615-FDW,13,41.52658,-5.04638,116.0,306.0,726.522644,622.060271948,106,,1475602241000
35815531,1615-FDW,13,41.53003,-5.05276,116.0,306.0,735.7584839,655.769344538,108,,1475602261000
35815533,1615-FDW,13,41.5335,-5.05907,116.0,304.0,746.9873657,652.944543552,106,,1475602281000
35815535,1615-FDW,13,41.53748,-5.06536,116.0,320.0,748.1553955,685.890551996,108,,1475602301000
35815537,1615-FDW,13,41.54221,-5.06936,116.0,328.0,738.0824585,622.775307858,108,,1475602321000
35815539,1615-FDW,13,41.54726,-5.07338,116.0,328.0,725.8424683,654.045663294,108,,1475602341000
35815541,1615-FDW,13,41.55257,-5.07762,116.0,328.0,716.7989502,688.875947642,108,,1475602361000
35815543,1615-FDW,13,41.55732,-5.08159,116.0,324.0,718.5477905,623.276449583,108,,1475602381000
35815545,1615-FDW,13,41.5622,-5.08599,116.0,328.0,725.1638184,655.796394398,108,,1475602401000
35815547,1615-FDW,13,41.56736,-5.08978,116.0,332.0,736.6063843,654.988810402,108,,1475602421000
35815549,1615-FDW,13,41.57229,-5.09402,116.0,316.0,746.1168213,652.262096656,108,,1475602441000
35815551,1615-FDW,13,41.57686,-5.09959,116.0,316.0,745.8101196,688.801228746,106,,1475602461000
35815553,1615-FDW,13,41.58101,-5.10463,116.0,316.0,741.5355225,623.565682624,108,,1475602481000
35815555,1615-FDW,13,41.5849,-5.11053,116.0,320.0,720.5927124,655.397562686,108,,1475602501000
35815557,1615-FDW,13,41.5898,-5.11483,116.0,314.0,723.2994385,651.938995595,109,,1475602521000
35815559,1615-FDW,13,41.59408,-5.12073,116.0,330.0,708.0736084,684.49608182,108,,1475602541000
35815561,1615-FDW,13,41.59886,-5.12451,116.0,314.0,716.5358276,617.997959442,108,,1475602561000
35815563,1615-FDW,13,41.60219,-5.13098,116.0,302.0,725.1914673,653.35219764,108,,1475602581000
35815565,1615-FDW,13,41.6054,-5.13756,116.0,302.0,735.2781372,653.884362781,108,,1475602601000
35815567,1615-FDW,13,41.60856,-5.14418,116.0,296.0,753.8633423,653.773519832,108,,1475602621000
35815569,1615-FDW,13,41.61127,-5.15156,116.0,312.0,758.8925171,684.733702969,108,,1475602641000
35815571,1615-FDW,13,41.61579,-5.15591,116.0,324.0,759.7807007,619.070061748,108,,1475602661000
35815573,1615-FDW,13,41.62027,-5.16101,116.0,314.0,751.0958252,654.767072848,108,,1475602681000
35815575,1615-FDW,13,41.62407,-5.16701,116.0,296.0,743.0,654.370366691,108,,1475602701000
35815577,1615-FDW,13,41.62652,-5.1743,116.0,292.0,740.3817749,665.137951247,109,,1475602721000
35815579,1615-FDW,13,41.62887,-5.18154,116.0,294.0,732.0688477,656.184697507,108,,1475602741000
35815581,1615-FDW,13,41.63316,-5.18703,116.0,336.0,732.3190308,660.951997981,108,,1475602761000
35815583,1615-FDW,13,41.63896,-5.18743,116.0,0.0,735.7497559,647.18152479,108,,1475602781000
35815585,1615-FDW,13,41.64478,-5.18881,116.0,346.0,739.0222168,656.759039577,108,,1475602801000
35815587,1615-FDW,13,41.65018,-5.19074,116.0,336.0,746.1693726,622.621112365,108,,1475602821000
35815589,1615-FDW,13,41.6559,-5.19272,116.0,338.0,758.7728882,656.898665131,109,,1475602841000
35815591,1615-FDW,13,41.66131,-5.19664,116.0,330.0,773.7965088,684.916795428,108,,1475602861000
35815593,1615-FDW,13,41.6669,-5.19722,114.0,12.0,797.2683716,624.4431341,108,,1475602881000
35815595,1615-FDW,13,41.67197,-5.20005,116.0,304.0,824.0671997,611.447848304,109,,1475602901000
35815597,1615-FDW,13,41.67625,-5.20479,116.0,326.0,821.8779907,618.990847945,108,,1475602921000
35815599,1615-FDW,13,41.68129,-5.20886,116.0,334.0,825.5145264,654.677165119,108,,1475602941000
35815601,1615-FDW,13,41.68711,-5.21178,116.0,338.0,828.7959595,691.342456751,109,,1475602961000
35815603,1615-FDW,13,41.69206,-5.21519,116.0,326.0,829.6922607,620.046313974,108,,1475602981000
35815605,1615-FDW,13,41.69729,-5.2196,116.0,324.0,829.1482544,687.208660624,109,,1475603001000
35815607,1615-FDW,13,41.70098,-5.22518,116.0,314.0,826.6987915,619.890267046,108,,1475603021000
35815609,1615-FDW,13,41.70512,-5.23114,116.0,290.0,797.7095337,676.412896421,109,,1475603041000
35815611,1615-FDW,13,41.70863,-5.23719,116.0,332.0,760.7329102,636.449369242,109,,1475603061000
35815613,1615-FDW,13,41.71345,-5.24162,116.0,320.0,741.1702271,650.868274417,108,,1475603081000
35815615,1615-FDW,13,41.71786,-5.24623,116.0,326.0,735.2404175,621.775072961,109,,1475603101000
35815617,1615-FDW,13,41.72351,-5.24827,116.0,352.0,728.539917,652.246432367,109,,1475603121000
35815619,1615-FDW,13,41.72878,-5.25152,116.0,316.0,721.0652466,644.987386196,108,,1475603141000
35815621,1615-FDW,13,41.73151,-5.25834,116.0,288.0,719.0792236,642.97368241,109,,1475603161000
35815623,1615-FDW,13,41.73503,-5.26451,116.0,320.0,716.0,644.591448317,102,,1475603181000
35815625,1615-FDW,13,41.73962,-5.26945,116.0,320.0,711.3210449,656.086416652,109,,1475603201000
35815627,1615-FDW,13,41.74421,-5.27437,116.0,320.0,709.0,653.312324102,109,,1475603221000
35815629,1615-FDW,13,41.74907,-5.2795,116.0,320.0,709.3250122,689.19611155,109,,1475603241000
35815631,1615-FDW,13,41.7535,-5.28408,116.0,324.0,706.5036621,622.780027304,109,,1475603261000
35815633,1615-FDW,13,41.75823,-5.28887,116.0,312.0,715.5247803,658.997815691,108,,1475603281000
35815635,1615-FDW,13,41.7619,-5.29503,116.0,316.0,713.8171387,654.591459243,109,,1475603301000
35815637,1615-FDW,13,41.76619,-5.30044,116.0,316.0,715.9805908,655.228491802,109,,1475603321000
35815639,1615-FDW,13,41.77045,-5.30586,116.0,316.0,715.0,653.796750623,108,,1475603341000
35815641,1615-FDW,13,41.77495,-5.31158,116.0,316.0,719.0,690.545361425,109,,1475603361000
35815643,1615-FDW,13,41.779,-5.31677,116.0,314.0,721.8483276,623.67438009,109,,1475603381000
35815645,1615-FDW,13,41.78326,-5.3223,122.0,314.0,717.7603149,660.16561646,109,,1475603401000
35815647,1615-FDW,13,41.78775,-5.328,124.0,316.0,716.0,687.874584908,109,,1475603421000
35815649,1615-FDW,13,41.7923,-5.33372,124.0,316.0,716.559021,693.289951812,109,,1475603441000
35815651,1615-FDW,13,41.79681,-5.33947,124.0,316.0,720.6847534,692.907938218,109,,1475603461000
35815653,1615-FDW,13,41.80152,-5.34549,124.0,316.0,727.5891113,724.879716907,109,,1475603481000
35815655,1615-FDW,13,41.80582,-5.35093,124.0,316.0,726.2815552,658.001230137,109,,1475603501000
35815657,1615-FDW,13,41.81035,-5.35671,124.0,316.0,733.7212524,695.363151785,109,,1475603521000
35815659,1615-FDW,13,41.81486,-5.36247,124.0,316.0,741.3399658,693.057212074,109,,1475603541000
35815661,1615-FDW,13,41.81963,-5.36853,124.0,316.0,750.3665161,730.594303457,109,,1475603561000
35815663,1615-FDW,13,41.82405,-5.37382,124.0,320.0,752.8103027,659.159823838,109,,1475603581000
35815665,1615-FDW,13,41.82885,-5.3792,124.0,318.0,733.994812,695.70189555,109,,1475603601000
35815667,1615-FDW,13,41.8336,-5.38459,124.0,320.0,721.9294434,693.008867075,109,,1475603621000
35815669,1615-FDW,13,41.83863,-5.39021,124.0,318.0,709.9498291,728.631140258,109,,1475603641000
35815671,1615-FDW,13,41.84318,-5.3953,124.0,318.0,702.9505615,659.229793563,109,,1475603661000
35815673,1615-FDW,13,41.84792,-5.40074,124.0,320.0,700.552124,693.558027059,109,,1475603681000
35815675,1615-FDW,13,41.8523,-5.40697,114.0,302.0,694.3078613,710.339365137,109,,1475603701000
35815677,1615-FDW,13,41.85464,-5.41379,116.0,284.0,691.7946167,622.21340917,109,,1475603721000
35815679,1615-FDW,13,41.8563,-5.42129,116.0,298.0,689.4315186,649.330989229,109,,1475603741000
35815681,1615-FDW,13,41.86042,-5.42678,116.0,330.0,685.5812988,645.86556282,109,,1475603761000
35815683,1615-FDW,13,41.86584,-5.42988,118.0,326.0,685.2936401,656.095458858,109,,1475603781000
35815685,1615-FDW,13,41.86988,-5.43557,116.0,304.0,683.9216919,651.074315888,109,,1475603801000
35815687,1615-FDW,13,41.87326,-5.44207,116.0,304.0,692.3795776,656.925503545,109,,1475603821000
35815689,1615-FDW,13,41.87661,-5.4485,116.0,306.0,699.7269897,650.837579005,109,,1475603841000
35815691,1615-FDW,13,41.88055,-5.45435,116.0,312.0,713.4703979,653.388233762,109,,1475603861000
35815693,1615-FDW,13,41.88484,-5.4603,116.0,314.0,721.0314941,686.9961396,109,,1475603881000
35815695,1615-FDW,13,41.88889,-5.46553,116.0,318.0,725.2183838,624.99740089,109,,1475603901000
35815697,1615-FDW,13,41.89373,-5.47071,116.0,326.0,721.522583,688.127684992,109,,1475603921000
35815699,1615-FDW,13,41.89862,-5.47432,114.0,332.0,710.2974854,621.782610064,109,,1475603941000
35815701,1615-FDW,13,41.90306,-5.47988,118.0,296.0,701.590332,675.042167932,109,,1475603961000
35815703,1615-FDW,13,41.90456,-5.48724,120.0,286.0,701.9628906,632.669419032,109,,1475603981000
35815705,1615-FDW,13,41.90681,-5.49482,120.0,296.0,708.7221069,675.678602198,109,,1475604001000
35815707,1615-FDW,13,41.91014,-5.50214,120.0,302.0,713.2518311,709.982264369,109,,1475604021000
35815709,1615-FDW,13,41.91361,-5.50832,120.0,310.0,729.1322632,641.953177488,109,,1475604041000
35815711,1615-FDW,13,41.91782,-5.51479,120.0,310.0,731.3834229,711.398669798,109,,1475604061000
35815713,1615-FDW,13,41.92162,-5.52064,120.0,310.0,734.5609741,643.15199794,109,,1475604081000
35815715,1615-FDW,13,41.92561,-5.52681,120.0,310.0,740.407959,676.460598758,109,,1475604101000
35815717,1615-FDW,13,41.92955,-5.53304,120.0,310.0,743.2846069,677.815636784,109,,1475604121000
35815719,1615-FDW,13,41.93351,-5.53925,120.0,310.0,745.6984253,677.320026145,109,,1475604141000
35815721,1615-FDW,13,41.93745,-5.54549,120.0,310.0,737.6698608,677.506108378,108,,1475604161000
35815723,1615-FDW,13,41.94125,-5.55188,120.0,308.0,738.3666382,676.969396826,109,,1475604181000
35815725,1615-FDW,13,41.94516,-5.55814,120.0,310.0,737.2003784,676.88199126,109,,1475604201000
35815727,1615-FDW,13,41.94921,-5.56429,120.0,308.0,737.956604,680.19922399,109,,1475604221000
35815729,1615-FDW,13,41.9531,-5.57057,120.0,308.0,729.3596191,676.491906802,109,,1475604241000
35815731,1615-FDW,13,41.957,-5.57684,120.0,308.0,728.9213867,676.044279599,109,,1475604261000
35815733,1615-FDW,13,41.96077,-5.58292,116.0,308.0,725.086853,655.937360569,109,,1475604281000
35815735,1615-FDW,13,41.96452,-5.58895,116.0,308.0,722.2365723,649.756642143,109,,1475604301000
35815737,1615-FDW,13,41.96829,-5.59498,116.0,308.0,725.0368652,652.711480095,109,,1475604321000
35815739,1615-FDW,13,41.97205,-5.60098,116.0,308.0,725.9946899,649.558308049,109,,1475604341000
35815741,1615-FDW,13,41.97578,-5.60699,116.0,308.0,719.8937378,647.618246031,109,,1475604361000
35815743,1615-FDW,13,41.97939,-5.61315,116.0,306.0,727.7207031,648.524376492,109,,1475604381000
35815745,1615-FDW,13,41.98241,-5.62003,112.0,292.0,723.3060303,661.328433169,109,,1475604401000
35815747,1615-FDW,13,41.98463,-5.62686,110.0,292.0,708.2575073,617.106251815,109,,1475604421000
35815749,1615-FDW,13,41.987,-5.63333,120.0,300.0,706.9956665,595.989018059,109,,1475604441000
35815751,1615-FDW,13,41.99152,-5.63887,126.0,314.0,706.7481079,680.895172105,109,,1475604461000
35815753,1615-FDW,13,41.99462,-5.64545,104.0,298.0,707.3606567,644.156053293,109,,1475604481000
35815755,1615-FDW,13,41.99703,-5.65141,82.0,298.0,705.0169678,561.30909028,109,,1475604501000
35815757,1615-FDW,13,42.00002,-5.65401,74.0,340.0,709.2113647,395.939028859,109,,1475604521000
35815759,1615-FDW,13,41.99944,-5.65818,62.0,236.0,706.6854248,350.491987082,109,,1475604541000
35815761,1615-FDW,13,41.99952,-5.66093,20.0,226.0,705.8416748,228.133656356,109,,1475604561000
35815763,1615-FDW,13,41.99914,-5.66208,40.0,292.0,707.3106079,103.630180831,109,,1475604581000
35815765,1615-FDW,13,42.00006,-5.66487,18.0,294.0,709.8496704,252.932953307,109,,1475604601000
35815767,1615-FDW,13,42.00058,-5.66672,50.0,298.0,705.8814697,163.476521051,109,,1475604621000
35815769,1615-FDW,13,42.00105,-5.66836,22.0,292.0,705.7548828,145.198619784,109,,1475604641000
35815771,1615-FDW,13,42.00181,-5.67002,28.0,280.0,708.8932495,161.499399347,109,,1475604661000
35815773,1615-FDW,13,42.00276,-5.67245,30.0,296.0,717.2156982,226.940522162,109,,1475604681000
35815775,1615-FDW,13,42.00333,-5.67388,24.0,318.0,723.8028564,134.212632208,109,,1475604701000
35815777,1615-FDW,13,42.00397,-5.676,36.0,302.0,732.0925903,189.708678426,109,,1475604721000
35815779,1615-FDW,13,42.00536,-5.6774,28.0,306.0,748.6260376,193.169075403,109,,1475604741000
35815781,1615-FDW,13,42.00679,-5.67695,34.0,18.0,747.1144409,163.216265522,109,,1475604761000
35815783,1615-FDW,13,42.00828,-5.67645,4.0,356.0,749.0707397,171.034834164,109,,1475604781000
35815785,1615-FDW,13,42.00939,-5.67656,34.0,316.0,746.3616943,123.131265853,109,,1475604801000
35815787,1615-FDW,13,42.00926,-5.67967,38.0,276.0,740.8250732,257.642520691,109,,1475604821000
35815789,1615-FDW,13,42.00886,-5.68056,20.0,170.0,739.0,85.8402925204,109,,1475604841000
35815791,1615-FDW,13,42.00863,-5.68162,4.0,290.0,740.0,91.7869788598,109,,1475604861000
35815793,1615-FDW,13,42.0086,-5.68204,16.0,274.0,739.8648071,34.4827096835,109,,1475604881000
35815795,1615-FDW,13,42.00862,-5.68231,0.0,246.0,739.0841675,22.2753393933,109,,1475604901000
35815797,1615-FDW,13,42.00862,-5.68231,0.0,246.0,739.0841675,0.0,95,Calle Alonso Briceo 27-31, 49600 Benavente, Zamora, (Castilla y Len), Espaa,1475604913000
35815799,1615-FDW,13,42.00862,-5.68231,0.0,246.0,739.0841675,0.0,93,,1475604921000
35815801,1615-FDW,13,42.00862,-5.68231,0.0,246.0,739.0841675,0.0,92,,1475604941000
35815803,1615-FDW,13,42.00862,-5.68231,0.0,246.0,739.0841675,0.0,92,,1475604961000
35815805,1615-FDW,13,42.00862,-5.68231,0.0,246.0,739.0841675,0.0,92,,1475604981000
35815807,1615-FDW,13,42.00862,-5.68231,0.0,246.0,739.0841675,0.0,92,,1475605001000
35815809,1615-FDW,13,42.00862,-5.68231,0.0,246.0,739.0841675,0.0,92,Calle Alonso Briceo 27-31, 49600 Benavente, Zamora, (Castilla y Len), Espaa,1475605010000
